39060;24191;61.93;24183;23847
19882;9442;47.49;9429;9314
66102;38489;58.22;38479;37929
17351;8144;46.93;8143;8015
34914;20758;59.45;20750;20443
19908;11173;56.12;11171;11008
4641;2678;57.7;2678;2642
1429;902;63.12;902;877
14090;7509;53.29;7507;7382
31022;16404;52.87;16400;16151
29833;17662;59.2;17661;17412
6145;3781;61.52;3781;3703
4358;2834;65.02;2834;2800
1201;826;68.77;826;815
2097;1397;66.61;1397;1380
94269;50162;53.21;50134;49417
3375;2148;63.64;2148;2125
661;388;58.69;388;380
2449;826;33.72;826;810
1080;560;51.85;560;553
1331;584;43.87;584;578
1237;600;48.5;600;587
1450;624;43.03;624;610
1498;747;49.86;747;731
2550;1159;45.45;1159;1137
15211;6691;43.98;6687;6571
1122;364;32.44;364;360
1755;1056;60.17;1056;1043
732;323;44.12;323;306
574;298;51.91;298;295
635;319;50.23;319;307
1996;803;40.23;803;793
2882;1167;40.49;1167;1128
1372;672;48.97;672;660
1427;588;41.2;588;585
9285;5156;55.53;5156;5087
594;247;41.58;247;245
3030;1134;37.42;1134;1112
1829;752;41.11;752;743
144;53;36.8;53;44
1498;476;31.77;476;472
2353;829;35.23;829;822
2711;1306;48.17;1306;1288
1530;765;50;765;750
1944;923;47.47;923;905
1908;926;48.53;926;914
889;522;58.71;522;506
926;496;53.56;496;488
797;365;45.79;365;358
1643;1029;62.62;1029;1022
7748;4256;54.93;4253;4194
19812;11464;57.86;11460;11308
322;190;59;190;189
3271;1907;58.3;1907;1886
4721;2603;55.13;2600;2534
4103;2237;54.52;2237;2194
306;153;50;153;152
2003;1185;59.16;1185;1168
1086;660;60.77;660;656
1143;562;49.16;561;546
6076;3283;54.03;3283;3239
1393;743;53.33;743;733
403;240;59.55;240;234
979;546;55.77;546;536
5092;2856;56.08;2853;2809
1883;1009;53.58;1009;997
839;506;60.3;505;493
761;381;50.06;381;376
324;199;61.41;199;192
4540;2868;63.17;2868;2856
480;222;46.25;222;214
5303;3040;57.32;3040;2956
1118;644;57.6;644;630
709;365;51.48;365;359
557;300;53.85;300;298
1618;911;56.3;911;888
2735;1605;58.68;1604;1579
2333;1527;65.45;1527;1512
2639;1413;53.54;1413;1394
2172;1174;54.05;1174;1145
85;44;51.76;44;43
1274;564;44.27;564;550
3285;1833;55.79;1833;1809
15289;7366;48.17;7366;7223
2135;1117;52.31;1117;1106
923;470;50.92;470;462
2213;1093;49.38;1091;1080
370;171;46.21;171;168
1528;980;64.13;980;960
475;221;46.52;221;219
981;297;30.27;297;294
620;155;25;155;152
252;116;46.03;116;114
311;124;39.87;124;121
769;276;35.89;276;274
311;177;56.91;177;177
294;84;28.57;84;83
505;235;46.53;235;234
808;345;42.69;345;345
987;168;17.2;168;166
441;204;46.25;204;202
598;163;27.25;163;162
1632;352;21.56;352;343
19279;5827;30.22;5825;5762
574;136;23.69;136;136
4428;1113;25.13;1113;1075
1742;494;28.35;490;487
1738;529;30.43;528;523
780;148;18.97;148;143
1059;393;37.11;393;388
516;251;48.64;251;249
1513;830;54.85;830;821
1411;344;24.37;344;344
770;358;46.49;358;356
398;107;26.88;107;105
313;76;24.28;76;73
1164;325;27.92;325;323
898;229;25.5;229;229
1152;386;33.5;386;384
1274;696;54.63;696;691
169;80;47.33;80;78
2330;748;32.1;747;739
619;195;31.5;195;191
334;171;51.19;171;167
467;128;27.4;128;126
942;337;35.77;337;337
490;120;24.48;120;120
359;173;48.18;173;171
822;281;34.18;281;276
548;198;36.13;198;193
1842;665;36.1;665;662
1114;255;22.89;255;252
3158;487;15.42;487;470
403;191;47.39;191;188
1436;420;29.24;420;416
740;162;21.89;162;162
654;76;11.62;76;76
231;75;32.46;75;74
804;261;32.46;261;260
918;329;35.83;329;323
441;112;25.39;112;109
10873;4526;41.62;4524;4463
1439;538;37.38;538;529
2576;569;22.8;569;566
1863;386;20.71;385;380
420;154;36.66;154;154
503;170;33.79;170;168
765;397;51.89;397;393
1243;263;21.15;263;262
1048;266;25.38;266;264
7084;1426;20.12;1426;1409
360;128;35.55;128;128
442;231;52.26;231;229
2261;560;24.76;559;557
1460;369;25.27;369;356
2739;531;19.38;531;526
911;476;52.25;476;463
1151;324;28.14;324;316
1372;374;27.25;374;369
1287;573;44.52;573;564
1725;484;28.5;484;482
301;60;19.93;60;59
12435;5244;42.17;5243;5142
680;331;48.67;331;327
2672;904;33.83;904;893
402;201;50;201;195
409;198;48.41;198;198
3352;994;29.65;994;985
1260;390;30.95;390;386
1410;520;36.87;520;510
909;231;25.41;231;231
499;189;37.87;189;183
1888;853;45.18;852;839
1339;429;32.03;429;423
2620;960;36.64;960;942
534;223;41.76;223;220
1456;629;43.2;629;620
13327;5371;40.3;5371;5285
4415;1613;36.53;1613;1580
379;143;37.73;143;142
1461;676;46.26;676;665
3449;1307;37.89;1307;1286
1330;305;22.93;305;303
695;308;44.31;308;305
3217;748;23.25;748;746
1745;578;33.12;578;568
2131;645;30.26;645;641
3763;1425;37.86;1425;1412
1120;470;41.96;469;463
1364;522;38.26;522;516
961;335;34.85;335;332
702;252;35.89;252;249
1864;860;46.13;860;843
283;130;45.93;130;120
868;369;42.51;369;363
810;342;42.22;341;332
2164;866;40.01;866;853
828;318;38.4;318;308
370;166;44.86;166;159
438;181;41.32;181;179
2150;1048;48.74;1048;1031
437;208;47.59;208;199
1153;563;48.82;563;549
1922;857;44.58;856;845
458;207;45.19;206;206
1017;487;47.88;487;484
465;184;39.56;184;177
23855;11770;49.33;11770;11553
701;340;48.5;340;336
477;211;44.23;211;203
844;330;39.09;330;328
1100;451;41;451;441
271;131;48.33;131;126
407;175;42.99;175;168
1083;527;48.66;527;513
2270;849;37.4;849;831
893;385;43.11;385;375
975;411;42.15;411;402
4846;2209;45.58;2207;2147
179;88;49.16;88;86
3274;1214;37.08;1214;1193
1295;544;42;544;535
938;529;56.39;529;519
1012;355;35.07;355;351
481;269;55.92;269;267
1009;400;39.64;400;386
783;385;49.16;385;377
588;305;51.87;305;302
1882;798;42.4;798;788
575;287;49.91;287;281
633;161;25.43;161;157
4250;2157;50.75;2154;2108
939;366;38.97;366;362
1796;821;45.71;821;809
491;204;41.54;204;203
514;221;42.99;221;218
531;280;52.73;280;275
620;325;52.41;325;324
826;407;49.27;407;397
343;129;37.6;129;128
350;214;61.14;214;211
345;177;51.3;177;176
1433;608;42.42;608;590
16600;6978;42.03;6978;6880
751;360;47.93;360;352
548;329;60.03;329;323
1229;615;50.04;615;601
928;397;42.78;397;397
4123;1434;34.78;1434;1404
1284;485;37.77;485;473
2012;849;42.19;849;835
521;260;49.9;260;252
4211;1792;42.55;1792;1770
9260;3802;41.05;3802;3726
311;138;44.37;138;137
507;214;42.2;214;208
2049;741;36.16;741;730
120;66;55;66;66
413;195;47.21;195;189
252;159;63.09;159;159
633;278;43.91;278;271
302;204;67.54;204;199
869;415;47.75;415;414
740;304;41.08;304;295
409;221;54.03;221;218
454;213;46.91;213;211
1457;685;47.01;685;653
12767;5625;44.05;5625;5557
241;140;58.09;140;135
1009;491;48.66;491;473
650;280;43.07;280;271
1133;461;40.68;461;457
1340;585;43.65;585;576
305;129;42.29;129;128
527;228;43.26;228;227
484;254;52.47;254;250
1649;559;33.89;559;548
17573;7554;42.98;7552;7410
725;316;43.58;316;310
480;216;45;216;213
557;203;36.44;203;203
416;138;33.17;138;132
897;378;42.14;378;374
600;262;43.66;262;253
3453;1632;47.26;1632;1588
1790;818;45.69;818;806
356;163;45.78;163;162
770;312;40.51;312;312
267;132;49.43;132;125
718;232;32.31;232;231
596;261;43.79;261;259
120;51;42.5;51;51
255;104;40.78;104;102
1257;613;48.76;613;603
541;237;43.8;237;230
1696;820;48.34;820;808
545;273;50.09;273;267
1152;586;50.86;586;576
1873;838;44.74;838;822
361;180;49.86;180;177
2113;882;41.74;882;854
1903;903;47.45;903;890
566;280;49.46;280;275
3585;1796;50.09;1795;1752
1514;690;45.57;690;672
362;167;46.13;167;160
702;374;53.27;374;363
1922;851;44.27;851;839
588;286;48.63;286;282
632;303;47.94;303;298
1086;550;50.64;550;535
419;215;51.31;215;211
316;145;45.88;145;144
1602;756;47.19;756;748
2174;1270;58.41;1270;1247
1813;873;48.15;873;858
922;447;48.48;447;439
656;313;47.71;313;311
1483;712;48.01;712;703
482;214;44.39;214;209
1713;764;44.6;763;748
1219;538;44.13;538;524
363;184;50.68;184;183
937;456;48.66;456;451
452;218;48.23;218;217
326;158;48.46;158;155
1291;674;52.2;674;665
429;209;48.71;209;205
2715;1409;51.89;1408;1372
1723;859;49.85;859;848
730;316;43.28;316;311
2425;1256;51.79;1256;1238
1904;817;42.9;817;793
53062;24847;46.82;24847;24321
1171;522;44.57;522;513
1097;503;45.85;503;494
1172;550;46.92;550;544
1711;714;41.72;714;704
2201;1036;47.06;1036;1028
676;368;54.43;368;362
14806;6168;41.65;6166;6048
202;78;38.61;78;75
409;198;48.41;198;195
79;45;56.96;45;45
123;63;51.21;63;58
722;315;43.62;315;314
449;219;48.77;219;215
104;56;53.84;56;55
367;177;48.22;177;175
264;130;49.24;130;121
378;215;56.87;215;210
184;102;55.43;102;102
423;198;46.8;198;193
432;191;44.21;191;184
115;51;44.34;51;49
137;63;45.98;63;63
320;183;57.18;183;180
333;130;39.03;130;127
235;130;55.31;130;127
369;178;48.23;178;170
42;18;42.85;18;18
339;162;47.78;162;157
424;187;44.1;187;183
725;342;47.17;342;334
204;108;52.94;108;106
261;144;55.17;144;137
500;227;45.4;227;223
446;235;52.69;235;234
1222;522;42.71;521;517
344;169;49.12;169;168
175;67;38.28;67;66
128;58;45.31;58;56
421;160;38;160;157
434;224;51.61;224;222
58;42;72.41;42;40
1312;622;47.4;622;608
44;35;79.54;35;35
555;288;51.89;288;286
477;215;45.07;215;211
396;193;48.73;193;193
100;54;54;54;54
556;256;46.04;256;253
382;208;54.45;208;198
816;412;50.49;412;405
4243;1858;43.78;1858;1813
367;194;52.86;194;190
431;207;48.02;207;206
308;155;50.32;155;152
432;214;49.53;214;210
513;245;47.75;245;241
378;226;59.78;226;225
1273;589;46.26;589;584
9580;4369;45.6;4369;4315
213;124;58.21;124;121
336;155;46.13;155;151
596;285;47.81;285;282
314;142;45.22;142;140
679;324;47.71;324;315
653;344;52.67;344;344
1247;532;42.66;532;524
1160;612;52.75;612;607
1127;607;53.85;607;583
483;183;37.88;183;179
1750;852;48.68;852;843
3003;1306;43.48;1306;1278
1235;554;44.85;554;533
794;373;46.97;373;368
67;38;56.71;38;37
1140;564;49.47;564;550
618;285;46.11;285;278
583;283;48.54;283;277
563;242;42.98;242;241
856;382;44.62;382;372
1260;618;49.04;618;607
1243;593;47.7;593;580
559;247;44.18;247;241
403;176;43.67;176;175
179;83;46.36;83;80
2140;981;45.84;980;961
934;447;47.85;447;433
213;117;54.92;117;115
442;191;43.21;191;189
16184;7743;47.84;7741;7528
382;151;39.52;151;140
957;389;40.64;389;380
1568;665;42.41;665;651
525;226;43.04;226;219
1057;462;43.7;462;452
188;94;50;94;91
7572;3702;48.89;3702;3628
795;388;48.8;388;385
612;252;41.17;252;245
143;76;53.14;76;71
627;245;39.07;245;236
410;161;39.26;161;156
1132;413;36.48;413;398
116;88;75.86;88;81
1159;527;45.47;527;520
660;254;38.48;254;250
1326;582;43.89;582;570
132;68;51.51;68;67
510;218;42.74;218;217
570;241;42.28;241;239
341;147;43.1;147;142
933;437;46.83;437;430
297;116;39.05;116;116
201;105;52.23;105;103
428;217;50.7;217;211
2067;853;41.26;852;833
1333;631;47.33;631;618
120;68;56.66;68;65
111;59;53.15;59;56
32687;14432;44.15;14429;14155
1174;513;43.69;513;497
1609;661;41.08;661;640
137;60;43.79;60;56
380;164;43.15;164;158
554;215;38.8;215;199
1052;466;44.29;466;453
1821;814;44.7;814;806
225;108;48;108;104
151;50;33.11;50;49
5070;2354;46.42;2354;2300
1481;689;46.52;689;672
787;326;41.42;326;316
1020;530;51.96;530;515
411;142;34.54;142;140
698;333;47.7;333;326
526;199;37.83;199;197
1124;431;38.34;431;410
791;259;32.74;259;251
3330;1521;45.67;1521;1494
763;367;48.09;367;356
1725;765;44.34;765;753
430;203;47.2;203;200
397;172;43.32;172;168
640;326;50.93;326;320
14687;6623;45.09;6618;6480
793;350;44.13;350;340
770;358;46.49;358;353
267;123;46.06;123;116
578;246;42.56;246;245
709;221;31.17;221;212
3409;1347;39.51;1347;1303
730;323;44.24;323;316
819;355;43.34;355;348
2233;977;43.75;977;964
406;171;42.11;171;168
1357;624;45.98;624;616
742;346;46.63;346;343
450;244;54.22;244;240
91;51;56.04;50;50
215;97;45.11;97;95
441;197;44.67;197;194
638;295;46.23;295;290
504;205;40.67;205;204
502;243;48.4;242;238
664;264;39.75;264;264
18486;7713;41.72;7713;7559
396;192;48.48;192;186
1085;443;40.82;443;423
127;58;45.66;58;56
488;194;39.75;194;189
1664;712;42.78;712;699
769;354;46.03;354;349
1374;604;43.95;604;597
4368;2579;59.04;2579;2539
1535;662;43.12;661;651
1008;534;52.97;534;524
458;208;45.41;208;200
1435;584;40.69;584;570
1467;676;46.08;676;670
1466;639;43.58;639;629
158;82;51.89;82;82
2202;994;45.14;994;985
13785;4642;33.67;4642;4545
854;302;35.36;302;297
533;251;47.09;251;247
1127;564;50.04;564;551
220;76;34.54;76;76
480;231;48.12;231;228
1506;707;46.94;707;690
3306;1774;53.66;1774;1733
900;328;36.44;328;316
449;188;41.87;188;184
406;175;43.1;175;172
848;376;44.33;376;373
1398;700;50.07;700;676
3189;1631;51.14;1631;1592
998;431;43.18;431;419
451;228;50.55;228;225
579;267;46.11;267;262
783;354;45.21;354;350
1733;803;46.33;803;779
238;129;54.2;129;125
2652;1223;46.11;1222;1205
1591;742;46.63;742;717
990;558;56.36;558;547
979;495;50.56;495;484
3552;1621;45.63;1621;1582
1342;631;47.01;631;622
1914;829;43.31;829;808
263;134;50.95;134;133
453;278;61.36;278;275
1108;578;52.16;578;570
1111;606;54.54;606;595
38949;17174;44.09;17171;16829
467;233;49.89;233;226
1028;511;49.7;511;498
645;295;45.73;295;289
1427;634;44.42;634;622
323;165;51.08;165;163
364;156;42.85;156;151
201;98;48.75;98;95
1024;454;44.33;454;448
1777;728;40.96;728;717
389;186;47.81;186;183
1469;663;45.13;663;653
617;271;43.92;271;269
1220;574;47.04;574;550
486;234;48.14;234;222
570;249;43.68;249;244
19455;8349;42.91;8345;8177
757;364;48.08;364;354
883;411;46.54;411;390
4619;2162;46.8;2161;2102
459;251;54.68;251;239
2208;1014;45.92;1014;1001
876;435;49.65;435;424
209;82;39.23;82;74
2088;932;44.63;932;904
800;350;43.75;350;340
9321;4566;48.98;4566;4467
1842;857;46.52;857;825
339;146;43.06;146;145
706;302;42.77;302;291
649;298;45.91;298;289
184;93;50.54;93;92
479;225;46.97;225;223
668;382;57.18;382;375
628;298;47.45;298;294
663;238;35.89;238;235
2451;1076;43.9;1076;1050
1893;881;46.53;881;856
816;438;53.67;438;435
2712;1182;43.58;1182;1155
354;155;43.78;155;153
2226;1029;46.22;1029;1004
346;204;58.95;204;195
1411;724;51.31;723;709
792;418;52.77;418;409
563;302;53.64;302;296
284;174;61.26;174;172
1319;696;52.76;696;683
1005;491;48.85;491;475
642;328;51.09;328;322
5148;2425;47.1;2424;2348
674;283;41.98;283;277
1588;658;41.43;658;640
336;162;48.21;162;161
169;81;47.92;81;81
832;388;46.63;388;380
928;455;49.03;455;438
1863;889;47.71;889;869
1288;624;48.44;624;613
318;188;59.11;188;183
3396;1552;45.7;1552;1519
2766;1508;54.51;1508;1471
1032;514;49.8;514;488
632;298;47.15;298;290
2723;1316;48.32;1316;1272
3805;2030;53.35;2029;1982
46046;23342;50.69;23341;22875
585;317;54.18;317;316
552;328;59.42;328;318
875;487;55.65;487;479
1010;333;32.97;333;331
2755;420;15.24;420;410
327;71;21.71;71;68
164;49;29.87;49;48
408;116;28.43;116;112
964;142;14.73;142;141
943;219;23.22;219;216
1077;206;19.12;206;206
367;110;29.97;110;110
1383;427;30.87;427;422
396;79;19.94;79;77
6197;2007;32.38;2007;1981
1174;262;22.31;262;259
1690;513;30.35;513;509
1428;346;24.22;346;340
1613;320;19.83;320;319
393;77;19.59;77;74
8757;1870;21.35;1870;1839
28121;8009;28.48;8009;7894
615;133;21.62;133;133
127;83;65.35;83;82
3149;426;13.52;426;416
595;86;14.45;86;85
958;153;15.97;153;150
1082;110;10.16;110;107
98;34;34.69;34;32
4057;955;23.53;955;947
1201;178;14.82;178;175
460;142;30.86;142;136
2386;576;24.14;576;563
591;121;20.47;121;119
1020;197;19.31;197;196
2276;592;26.1;592;585
418;206;49.28;206;203
635;148;23.3;148;146
572;109;19.5;109;106
808;170;21.3;170;166
248;85;34.27;85;84
447;79;17.67;79;78
2026;323;15.94;323;321
2037;293;14.38;293;290
253;58;22.92;58;58
963;378;39.25;378;370
530;157;29.62;157;156
188;42;22.34;42;42
129;78;60.46;78;76
269;105;39.03;105;100
267;131;49.06;131;130
795;413;51.94;413;396
626;197;31.46;197;196
903;190;21.4;190;186
802;295;36.78;295;293
342;151;44.15;151;149
413;162;39.22;162;160
418;82;19.61;82;82
788;266;33.75;266;263
221;104;47.05;104;101
320;161;50.31;161;157
1144;234;20.45;234;231
420;143;34.04;143;142
493;131;26.57;131;128
253;121;47.82;121;115
460;265;57.6;265;258
500;163;32.6;163;160
473;151;31.92;151;148
230;77;33.47;77;77
255;88;34.5;88;87
1200;326;27.16;326;324
1177;611;51.91;611;596
573;242;42.23;242;238
196;94;47.95;94;90
240;68;28.33;68;68
684;147;21.49;147;145
192;82;42.7;82;81
38;20;52.63;20;19
808;330;40.84;330;320
1721;634;36.83;633;621
495;134;27.7;134;130
1620;790;48.76;790;774
646;273;42.26;273;262
234;67;28.63;67;64
491;117;23.82;117;116
433;193;44.57;193;192
27128;11743;43.28;11742;11536
817;233;28.51;233;232
516;81;15.69;81;81
151;61;40.39;61;58
419;123;29.35;123;123
332;121;36.44;121;121
138;30;21.73;30;30
771;215;27.88;215;213
1256;617;49.12;617;603
712;314;44.1;314;309
459;130;28.32;130;128
359;126;35.09;126;121
429;80;18.64;80;78
117;77;65.81;77;75
1323;381;28.79;381;378
604;194;32.11;194;191
640;330;51.56;330;321
1034;292;28.23;292;283
1623;643;39.61;643;637
1189;605;50.88;605;599
572;230;40.2;230;226
363;106;29.2;106;106
519;94;18.11;94;92
250;61;24.4;61;58
158;66;41.77;66;66
1225;659;53.79;659;651
6104;1652;27.6;1652;1629
265;30;11.32;30;30
1260;227;18.1;227;226
399;119;29.82;119;119
2332;562;24.9;562;555
288;73;25.34;73;69
3126;1401;44.81;1401;1372
484;160;33.05;160;159
188;55;29.25;55;48
183;53;28.96;53;52
583;283;48.54;283;281
1274;274;21.5;274;269
626;212;33.86;212;209
1065;415;38.96;415;400
555;157;28.28;157;155
145;61;42.06;61;59
128;70;54.68;70;69
451;169;37.47;169;163
5779;2006;34.71;2006;1986
1036;446;43.05;446;440
142;50;35.21;50;49
1435;501;34.91;501;490
939;360;38.33;360;354
560;186;33.21;186;182
318;144;45.28;144;144
1844;782;42.4;782;777
3363;1304;38.77;1304;1279
643;266;41.36;266;262
952;397;41.7;397;390
1009;395;39.14;395;383
837;341;40.74;341;336
479;148;30.89;148;146
542;232;42.8;232;228
949;288;30.34;288;283
1397;628;44.95;628;616
749;363;48.46;363;353
326;134;41.1;134;131
437;211;48.28;211;208
2294;960;41.84;960;938
1686;743;44.06;743;725
1718;640;37.25;640;627
834;299;35.85;299;295
167;83;49.7;83;83
1034;415;40.13;415;411
1289;474;36.77;474;471
1916;907;47.33;907;894
786;344;43.76;344;340
208;111;53.36;111;107
973;377;38.74;377;368
2435;883;36.26;882;862
323;115;35.6;115;113
234;142;60.68;142;141
341;186;54.54;186;184
733;362;49.38;362;355
416;189;45.43;189;180
2353;867;36.84;867;857
65906;31146;47.25;31144;30553
1748;820;46.91;820;813
1096;474;43.24;474;464
1089;510;46.83;510;506
319;129;40.43;129;129
918;379;41.28;379;376
921;358;38.87;358;353
556;239;42.98;239;235
1702;706;41.48;706;695
685;292;42.62;292;290
1102;416;37.74;416;411
261;118;45.21;118;117
735;396;53.87;396;383
503;255;50.69;255;251
241;129;53.52;129;128
313;88;28.11;88;88
567;239;42.15;239;235
283;132;46.64;132;132
3515;1412;40.17;1412;1389
1398;460;32.9;460;455
1348;620;45.99;620;611
1573;515;32.73;515;510
7299;3085;42.26;3085;3050
1806;871;48.22;871;864
1829;762;41.66;762;751
1128;408;36.17;408;394
350;148;42.28;148;143
1315;513;39.01;513;506
418;207;49.52;207;202
348;148;42.52;148;147
952;470;49.36;470;466
1012;455;44.96;455;451
595;263;44.2;263;256
433;182;42.03;182;181
788;348;44.16;348;341
312;200;64.1;200;195
664;231;34.78;231;224
586;248;42.32;248;244
907;434;47.85;434;419
272;111;40.8;111;104
442;226;51.13;226;223
443;199;44.92;199;196
557;261;46.85;261;255
570;246;43.15;246;239
501;245;48.9;245;242
1262;503;39.85;503;492
810;375;46.29;375;365
1412;643;45.53;643;631
691;309;44.71;309;305
886;331;37.35;331;324
1379;515;37.34;515;510
2297;1147;49.93;1147;1127
692;376;54.33;376;372
380;201;52.89;201;196
374;204;54.54;204;198
867;392;45.21;392;392
10118;4357;43.06;4357;4288
197;94;47.71;94;94
418;184;44.01;184;176
1624;671;41.31;671;652
1263;455;36.02;455;449
312;73;23.39;73;71
3093;1366;44.16;1366;1345
648;236;36.41;236;235
317;99;31.23;99;98
1362;335;24.59;335;327
1204;182;15.11;182;180
484;245;50.61;245;244
488;93;19.5;93;87
264;129;48.86;129;128
850;336;39.52;336;324
581;262;45.09;262;255
1316;592;44.98;592;587
1328;366;27.56;366;362
4155;1226;29.5;1226;1211
1793;418;23.31;418;413
1043;392;37.58;392;378
593;95;16.2;95;94
965;419;43.41;419;411
621;290;46.69;290;285
1092;251;22.98;251;242
1253;206;16.44;206;205
880;209;23.75;209;209
717;366;51.04;366;358
1093;414;37.87;414;398
3453;1294;37.47;1294;1278
818;232;28.36;232;229
268;82;30.59;82;80
1303;488;37.45;488;475
371;81;21.83;81;79
335;56;16.71;56;53
292;61;20.89;61;60
1717;627;36.51;627;617
550;285;51.81;285;278
1107;462;41.73;462;457
1601;335;20.92;335;333
994;242;24.34;242;236
595;144;24.2;144;142
32095;13023;40.57;13023;12819
927;185;19.95;185;184
3513;1146;32.62;1146;1137
195;52;26.66;52;50
963;482;50.05;481;474
399;186;46.61;186;184
659;318;48.25;317;308
796;363;45.6;363;362
755;149;19.73;149;146
873;131;15;131;129
1090;409;37.52;409;403
387;66;17.5;66;66
1654;327;19.77;327;324
2035;461;22.65;461;458
287;82;28.57;82;81
8579;2612;30.44;2612;2587
8195;3433;41.89;3433;3377
952;424;44.53;424;415
4325;1202;27.79;1202;1194
1294;604;46.67;604;599
1557;588;37.76;588;575
2526;927;36.69;926;909
272;152;55.88;152;146
1762;403;22.87;403;401
1957;607;31.1;607;605
769;382;49.67;381;378
1060;447;42.16;447;442
1568;595;37.94;595;588
1500;642;42.8;642;634
3648;1383;37.91;1383;1352
2657;536;20.17;536;526
2276;385;16.91;385;380
17948;7927;44.16;7926;7817
3103;842;27.13;842;828
2246;794;35.35;794;781
2707;615;22.71;615;610
1412;283;20.4;283;280
181;69;38.12;69;69
281;143;50.88;143;141
191;82;42.93;82;81
295;147;49.83;147;145
1711;695;40.61;695;684
390;177;45.38;177;177
337;128;37.98;128;125
648;228;35.18;228;223
273;109;39.92;109;109
299;124;41.47;124;123
1311;472;36;472;460
456;192;42.1;192;191
909;443;48.73;443;429
669;340;50.82;340;340
1548;634;40.95;634;608
517;231;44.68;231;230
540;247;45.74;247;238
1218;487;39.98;487;479
1127;512;45.43;511;507
261;114;43.67;114;113
1481;625;42.2;625;616
580;260;44.82;260;255
280;126;45;126;125
1512;624;41.26;624;613
187;93;49.73;93;92
440;203;46.13;203;198
826;383;46.36;383;368
274;143;52.18;143;143
1039;447;43.02;447;435
637;299;46.93;299;290
280;120;42.85;120;119
717;294;41;294;289
278;117;42.08;117;117
250;125;50;125;125
1768;823;46.54;823;803
778;312;40.1;312;308
1238;479;38.69;479;469
1628;726;44.59;726;708
445;163;36.62;163;161
2068;890;43.03;890;871
236;111;47.03;111;108
445;185;41.57;185;184
164;78;47.56;78;76
424;157;37.02;157;155
629;322;51.19;322;311
21708;9137;42.09;9137;9025
1229;608;49.47;608;594
390;136;34.87;136;133
1182;519;43.9;519;510
606;286;47.19;286;285
1721;658;38.23;658;648
427;200;46.83;200;200
287;108;37.63;108;106
526;195;37.07;195;193
19472;7198;36.96;7197;7057
3531;1376;38.96;1376;1352
513;177;34.5;177;175
928;398;42.88;398;391
1960;563;28.72;563;557
425;192;45.17;192;189
1674;595;35.54;595;587
5396;2306;42.73;2306;2250
1555;788;50.67;788;774
2203;777;35.27;777;758
1607;613;38.14;613;601
4641;1759;37.9;1759;1735
1063;414;38.94;414;407
679;220;32.4;220;214
4441;1889;42.53;1888;1859
4167;1662;39.88;1662;1611
2203;945;42.89;944;938
2214;889;40.15;888;867
2790;1009;36.16;1009;991
6133;2334;38.05;2334;2283
2157;862;39.96;862;852
1402;507;36.16;507;483
1789;759;42.42;759;752
455;206;45.27;206;187
1147;453;39.49;453;430
14777;6888;46.61;6887;6676
434;186;42.85;186;178
1248;414;33.17;413;387
1174;542;46.16;542;527
351;172;49;172;170
350;191;54.57;191;190
633;365;57.66;365;355
217;123;56.68;123;119
644;217;33.69;217;202
401;178;44.38;178;169
848;458;54;458;449
1094;566;51.73;566;539
135;68;50.37;68;67
710;329;46.33;329;325
142;54;38.02;54;51
363;164;45.17;164;159
649;260;40.06;260;244
426;210;49.29;210;206
991;466;47.02;466;454
592;351;59.29;351;328
2164;909;42;909;871
1327;487;36.69;487;476
416;166;39.9;166;161
158;80;50.63;80;78
1587;761;47.95;761;734
129;68;52.71;68;67
93;44;47.31;44;43
682;576;84.45;576;574
1079;525;48.65;524;517
238;119;50;119;117
382;148;38.74;148;143
168;75;44.64;75;73
1245;589;47.3;589;577
74;36;48.64;36;36
342;176;51.46;176;171
270;142;52.59;142;139
370;161;43.51;161;157
181;88;48.61;88;88
469;216;46.05;216;214
439;217;49.43;217;213
327;181;55.35;181;178
95;63;66.31;63;63
806;391;48.51;391;377
1013;300;29.61;300;291
515;280;54.36;280;276
67;37;55.22;37;37
290;142;48.96;142;139
255;136;53.33;136;127
6138;2849;46.41;2847;2788
975;571;58.56;571;563
25826;12130;46.96;12130;11888
510;234;45.88;234;232
1083;498;45.98;498;488
525;296;56.38;296;291
956;473;49.47;472;462
186;94;50.53;94;88
115;35;30.43;35;35
191;81;42.4;81;78
153;110;71.89;110;108
1078;437;40.53;437;421
394;262;66.49;262;259
226;93;41.15;93;90
867;410;47.28;410;402
1129;475;42.07;475;467
177;116;65.53;116;112
565;295;52.21;295;287
685;308;44.96;308;305
195;98;50.25;98;95
407;224;55.03;224;217
548;257;46.89;257;246
1878;494;26.3;494;481
52;31;59.61;31;30
315;132;41.9;132;131
512;248;48.43;248;244
1789;557;31.13;557;531
144;104;72.22;104;103
1041;605;58.11;604;591
395;245;62.02;245;239
1013;478;47.18;478;460
283;159;56.18;159;155
823;442;53.7;442;437
1240;656;52.9;656;645
457;201;43.98;201;198
337;174;51.63;174;169
178;125;70.22;125;124
782;440;56.26;440;432
124;75;60.48;75;75
143;99;69.23;99;96
96;49;51.04;49;49
1415;647;45.72;647;637
1060;513;48.39;513;506
924;429;46.42;429;422
94;42;44.68;42;41
127;47;37;47;47
734;373;50.81;373;365
44273;20381;46.03;20381;19964
799;385;48.18;385;377
216;91;42.12;91;90
559;287;51.34;287;284
877;423;48.23;423;420
301;159;52.82;159;156
159;72;45.28;72;70
535;301;56.26;301;295
152;89;58.55;89;89
360;160;44.44;160;153
191;98;51.3;98;95
3920;1656;42.24;1656;1626
413;199;48.18;199;195
482;250;51.86;250;243
223;132;59.19;132;132
3571;1590;44.52;1590;1564
742;292;39.35;292;286
332;145;43.67;145;138
792;415;52.39;415;406
152;57;37.5;57;56
375;203;54.13;203;198
1435;660;45.99;660;649
427;192;44.96;192;162
6165;2840;46.06;2840;2772
135;57;42.22;57;57
1033;539;52.17;539;524
150;66;44;66;65
143;67;46.85;67;63
175;94;53.71;94;93
130;61;46.92;61;61
123;58;47.15;58;56
184;91;49.45;91;88
76;37;48.68;37;35
593;304;51.26;304;299
389;204;52.44;204;202
1283;438;34.13;438;432
77;39;50.64;39;39
122;71;58.19;71;67
282;146;51.77;146;141
72;30;41.66;30;30
52;22;42.3;22;22
455;243;53.4;243;241
57;31;54.38;31;31
1134;523;46.11;523;511
71;43;60.56;43;41
191;88;46.07;88;85
170;83;48.82;83;81
628;238;37.89;238;223
762;336;44.09;336;329
515;202;39.22;202;199
5683;2728;48;2727;2672
197;86;43.65;86;83
1093;353;32.29;353;347
574;262;45.64;262;241
1358;563;41.45;563;540
1186;395;33.3;395;386
2478;873;35.23;873;846
1705;689;40.41;689;660
732;320;43.71;320;306
1779;647;36.36;647;615
656;229;34.9;229;223
2137;831;38.88;831;782
6102;2705;44.32;2705;2616
2604;965;37.05;963;897
1431;550;38.43;550;526
2494;1182;47.39;1182;1119
2817;820;29.1;820;780
2205;857;38.86;857;820
3560;1120;31.46;1119;1082
1498;558;37.24;557;545
1527;382;25.1;382;363
549;254;46.26;254;243
617;201;32.57;201;192
1157;520;44.94;520;492
3948;1415;35.84;1415;1340
1704;628;36.85;628;605
1047;439;41.92;439;424
516;211;40.89;211;210
1141;578;50.65;578;555
761;305;40.07;305;276
2105;820;38.95;820;779
3214;1598;49.71;1597;1539
551;280;50.81;280;273
1023;459;44.86;459;434
1045;368;35.21;368;340
517;248;47.96;248;233
5683;2554;44.94;2553;2450
7109;3234;45.49;3234;3139
1018;432;42.43;432;422
641;196;30.57;196;191
1853;1114;60.11;1114;1088
502;263;52.39;263;258
832;398;47.83;398;379
511;238;46.57;238;232
372;181;48.65;181;177
1198;434;36.22;434;417
2409;1187;49.27;1187;1123
2288;860;37.58;860;847
1414;618;43.7;618;592
932;398;42.7;398;387
836;398;47.6;398;386
1343;584;43.48;584;571
3034;1303;42.94;1302;1260
241;120;49.79;120;118
1762;855;48.52;855;835
889;407;45.78;407;401
1476;737;49.93;737;717
811;346;42.66;346;331
361;176;48.75;176;166
82;48;58.53;48;43
23007;10110;43.94;10107;9797
977;410;41.96;410;399
612;321;52.45;321;296
669;268;40.05;268;257
218;101;46.33;101;101
614;269;43.81;269;262
9224;4025;43.63;4024;3938
788;297;37.69;297;291
924;338;36.58;338;327
736;289;39.26;288;285
1487;518;34.83;518;512
1642;589;35.87;589;579
739;356;48.17;356;344
1297;534;41.17;534;532
1106;578;52.26;578;558
817;427;52.26;427;421
3237;1052;32.49;1052;1027
3051;1265;41.46;1265;1242
388;198;51.03;198;191
1318;537;40.74;537;519
12329;5515;44.73;5514;5347
1930;826;42.79;826;813
785;320;40.76;320;314
379;170;44.85;170;166
2526;1015;40.18;1014;997
1587;652;41.08;652;635
939;367;39.08;367;354
1225;640;52.24;640;630
1418;582;41.04;582;565
311;148;47.58;148;148
791;296;37.42;296;286
809;436;53.89;436;421
2706;960;35.47;960;931
609;302;49.58;302;294
484;257;53.09;257;254
185;121;65.4;121;117
1999;790;39.51;790;774
792;369;46.59;369;357
1644;739;44.95;739;733
1072;437;40.76;437;432
1315;587;44.63;587;571
889;375;42.18;375;363
556;243;43.7;243;243
1128;525;46.54;525;515
678;308;45.42;308;302
644;317;49.22;317;309
298;108;36.24;108;106
505;211;41.78;211;207
1463;675;46.13;675;656
335;171;51.04;171;168
1255;630;50.19;630;600
419;192;45.82;192;184
1139;497;43.63;497;488
826;414;50.12;414;407
1214;546;44.97;546;537
1540;769;49.93;769;758
1399;590;42.17;590;576
626;256;40.89;256;249
698;321;45.98;321;308
270;111;41.11;111;109
912;492;53.94;492;482
842;355;42.16;355;346
348;137;39.36;137;132
487;239;49.07;239;237
192;95;49.47;95;94
692;298;43.06;298;296
417;194;46.52;194;188
4891;2210;45.18;2210;2144
1027;407;39.62;407;403
2411;1351;56.03;1351;1320
2660;1459;54.84;1459;1429
1547;771;49.83;771;759
695;328;47.19;328;321
537;223;41.52;223;218
2148;1017;47.34;1017;1001
1125;536;47.64;536;524
277;123;44.4;123;117
3358;1639;48.8;1639;1590
3520;1229;34.91;1229;1204
1631;763;46.78;763;736
3013;1447;48.02;1447;1397
278;120;43.16;120;120
2340;1116;47.69;1116;1090
706;296;41.92;296;293
68366;33487;48.98;33479;32842
1626;816;50.18;816;806
183;107;58.46;107;107
63664;30816;48.4;30803;30265
1859;870;46.79;870;854
377;194;51.45;194;193
330;146;44.24;146;146
223;99;44.39;99;98
351;266;75.78;266;248
322;128;39.75;128;126
722;255;35.31;255;247
419;160;38.18;160;159
507;295;58.18;295;291
331;167;50.45;167;167
1174;374;31.85;374;373
545;278;51;278;277
358;206;57.54;206;203
571;332;58.14;332;319
335;185;55.22;185;183
1013;472;46.59;472;458
554;269;48.55;269;267
917;476;51.9;476;468
1141;540;47.32;540;529
208;98;47.11;98;95
115;72;62.6;72;72
315;94;29.84;94;91
965;462;47.87;462;458
152;63;41.44;63;61
758;364;48.02;364;354
96;48;50;48;48
1254;521;41.54;521;508
128;63;49.21;63;59
819;376;45.9;376;367
640;342;53.43;342;330
295;141;47.79;141;136
1758;882;50.17;880;851
2700;1182;43.77;1182;1153
491;260;52.95;260;253
636;300;47.16;300;295
209;120;57.41;120;113
535;286;53.45;286;281
138;83;60.14;83;82
1071;469;43.79;468;456
803;279;34.74;279;276
963;367;38.11;367;360
577;222;38.47;222;220
16706;6542;39.15;6540;6404
585;512;87.52;512;508
4042;1402;34.68;1402;1382
682;328;48.09;328;323
159;60;37.73;60;58
2183;955;43.74;955;932
489;218;44.58;218;214
972;420;43.2;420;411
47;34;72.34;34;34
938;383;40.83;383;377
234;110;47;110;105
1098;376;34.24;376;370
490;296;60.4;296;293
1464;628;42.89;628;613
330;188;56.96;188;185
3176;1130;35.57;1130;1103
1891;633;33.47;633;620
1325;401;30.26;401;390
2364;787;33.29;787;773
1094;456;41.68;456;452
240;105;43.75;105;103
165;79;47.87;79;76
1018;331;32.51;331;325
1063;346;32.54;346;336
3000;1154;38.46;1152;1131
275;33;12;33;33
1773;562;31.69;562;548
161;63;39.13;63;63
509;54;10.6;54;54
916;208;22.7;208;204
523;182;34.79;182;176
189;83;43.91;83;81
222;52;23.42;52;51
405;148;36.54;148;147
808;116;14.35;116;109
433;93;21.47;93;91
1643;552;33.59;552;541
532;253;47.55;253;246
7877;1603;20.35;1603;1581
700;161;23;161;159
109;51;46.78;51;51
1334;500;37.48;500;479
490;128;26.12;128;124
239;39;16.31;39;39
173;39;22.54;39;37
244;93;38.11;93;90
290;91;31.37;91;90
64;23;35.93;23;23
207;61;29.46;61;61
1582;501;31.66;500;490
267;80;29.96;80;76
21968;7832;35.65;7831;7706
177;67;37.85;67;67
257;80;31.12;80;78
235;101;42.97;101;99
584;129;22.8;129;126
1002;390;38.92;390;387
267;40;14.98;40;40
146;61;41.78;61;60
610;184;30.16;184;183
201;88;43.78;88;83
184;76;41.3;76;72
142;47;33.09;47;46
467;160;34.26;160;156
114;41;35.96;41;41
68;26;38.23;26;24
172;54;31.39;54;54
1311;289;22.4;289;285
764;179;23.42;179;175
253;100;39.52;100;99
685;180;26.27;180;179
514;227;44.16;227;226
445;93;20.89;93;90
257;102;39.68;102;100
933;124;13.29;124;124
414;57;13.76;56;56
289;109;37.71;109;109
1153;512;44.4;512;501
728;273;37.5;273;269
366;63;17.21;63;63
295;117;39.66;117;115
715;139;19.44;139;135
530;171;32.26;171;162
1489;710;47.68;710;696
611;231;37.8;231;225
1790;560;31.28;560;546
405;174;42.96;174;170
77;36;46.75;36;35
219;103;47.03;103;99
743;194;26.11;194;192
715;262;36.64;262;257
1848;720;38.96;720;702
2268;794;35;794;765
51;34;66.66;34;34
1149;396;34.46;396;388
90;68;75.55;68;68
254;135;53.14;135;133
4494;1545;34.37;1544;1511
201;78;38.8;78;77
83;20;24.9;20;20
352;171;48.57;171;168
96;43;44.79;43;41
425;177;41.64;177;170
792;310;39.14;310;306
346;144;41.61;144;142
376;126;33.51;126;123
438;75;17.12;75;75
696;141;20.25;141;140
704;102;14.48;102;102
288;94;32.63;94;92
242;96;39.66;96;94
54;8;14.81;8;7
660;73;11.6;73;73
129;33;25.58;33;33
335;101;30.14;101;95
2243;397;17.69;397;390
572;105;18.35;105;104
78;22;28.2;22;22
185;38;20.54;38;38
507;102;20.11;102;102
1022;209;20.45;209;205
352;98;27.84;98;98
458;229;50;229;217
953;302;31.68;302;288
674;235;34.86;235;233
198;129;65.15;129;128
180;81;45;81;79
192;59;30.72;59;58
193;54;27.97;54;54
243;47;19.34;47;47
61;20;32.78;20;20
79;21;26.58;21;21
66;35;53.03;35;34
317;74;23.34;74;71
102;23;22.54;23;22
435;92;21.14;92;92
266;104;39.09;104;102
9789;3254;33.24;3253;3196
254;168;66.14;168;163
108;19;17.59;19;19
114;29;25.43;29;29
863;218;25.26;218;205
171;42;24.56;42;41
274;51;18.61;51;50
5770;1332;23.8;1331;1309
213;62;29.1;62;62
53;21;39.62;21;21
98;36;36.73;36;36
493;66;13.38;66;64
62;31;50;31;31
362;38;10.49;38;37
696;122;17.52;121;119
136;43;31.61;43;40
601;67;11.14;67;65
166;74;44.57;74;72
55;32;58.18;32;32
230;41;17.82;41;40
469;227;48.4;227;224
120;53;44.16;53;52
557;152;27.28;152;144
158;51;32.27;51;50
186;52;27.95;52;51
173;74;42.77;74;70
145;22;15.17;22;22
131;41;31.29;41;41
390;47;12.5;47;47
148;30;20.27;30;30
327;49;14.98;49;46
80;23;28.75;23;23
346;65;18.78;65;65
77;23;29.87;23;23
574;92;16.2;92;88
386;49;12.69;49;49
944;139;14.72;139;133
5506;1578;28.65;1578;1527
1105;170;15.38;170;169
149;50;33.55;50;50
104;53;50.96;53;52
695;94;13.52;94;93
161;45;27.95;45;44
678;256;37.75;256;250
171;80;46.78;80;77
111;29;26.12;29;29
399;60;15.3;60;59
559;59;10.55;59;57
310;37;11.93;37;37
188;47;25;47;46
170;25;14.7;25;25
1781;354;19.87;354;351
121;26;21.48;26;25
552;91;16.48;91;88
161;53;32.91;53;53
2422;733;30.26;733;716
168;72;42.85;72;71
246;31;12.6;31;31
728;144;19.78;144;144
99;38;38.38;38;38
24;14;58.33;14;14
284;114;40.14;114;110
57;29;50.87;29;29
243;94;38.68;94;94
391;52;13.29;52;52
164;94;57.31;94;94
56;24;42.85;24;23
157;67;42.67;67;65
165;19;11.51;19;19
224;50;22.32;50;50
160;57;35.62;57;56
389;73;18.76;73;71
131;67;51.14;67;66
1253;393;31.36;393;379
129;43;33.33;43;42
271;43;15.86;43;43
179;49;27.37;49;47
21;13;61.9;13;13
32;25;78.12;25;25
600;66;11;66;64
209;66;31.57;66;65
42;29;69.04;29;29
38;11;28.94;11;10
181;27;14.91;27;27
403;140;34.73;140;135
1424;91;6.39;91;90
18397;6035;32.8;6035;5930
411;171;41.6;171;166
1042;229;21.97;229;224
283;144;50.88;144;143
93;37;39.78;37;34
316;77;24.36;77;75
131;30;22.9;30;30
275;67;24.36;67;67
281;67;23.84;67;66
211;30;14.21;30;30
388;77;19.84;77;77
397;82;20.65;82;81
687;76;11.6;76;76
67;29;43.28;29;28
291;59;20.27;59;59
421;125;29.69;125;122
241;127;52.69;127;124
3133;991;31.63;991;967
160;39;24.37;39;38
529;74;13.98;74;73
200;41;20.5;41;40
624;97;15.54;97;95
190;38;20;38;38
697;204;29.26;204;200
860;155;18.2;155;152
123;14;11.38;14;13
240;45;18.75;45;44
200;40;20;40;40
123;59;47.96;59;57
96;16;16.66;16;15
329;74;22.49;74;72
158;54;34.17;54;53
672;223;33.18;223;218
297;81;27.27;81;79
94;32;34.04;32;32
1129;261;23.11;261;257
869;197;22.66;197;193
382;88;23.3;88;81
326;112;34.35;112;110
31;16;51.61;16;16
324;129;39.81;129;129
422;67;15.87;67;62
860;363;42.2;363;349
488;180;36.88;180;174
153;62;40.52;62;61
112;37;33.03;37;37
94;42;44.68;42;42
129;53;41.08;53;52
180;66;36.66;66;66
206;93;45.14;93;92
669;301;44.99;301;294
191;45;23.56;45;41
106;46;43.39;46;45
476;101;21.21;101;101
270;117;43.33;117;116
248;73;29.43;73;73
231;45;19.48;45;43
211;67;31.75;67;66
433;98;22.63;98;96
376;109;28.98;109;107
276;71;25.72;71;70
428;161;37.61;161;160
148;83;56.08;83;80
173;90;52.02;90;80
116;39;33.62;39;38
232;83;35.77;83;80
413;153;37.04;153;150
1279;444;34.71;444;435
229;41;17.9;41;40
1120;362;32.32;362;353
332;138;41.56;138;134
377;139;36.87;139;137
241;101;41.9;101;101
497;130;26.15;130;129
92;27;29.34;27;27
650;212;32.61;212;202
95;20;21.5;20;18
451;191;42.35;191;184
298;48;16.1;48;46
160;49;30.62;49;49
163;70;42.94;70;70
738;209;28.31;209;207
395;84;21.26;84;81
134;39;29.1;39;38
515;155;30.9;155;154
205;82;40;82;81
72;36;50;36;35
176;45;25.56;45;45
61;34;55.73;34;34
157;61;38.85;61;61
484;108;22.31;108;104
336;104;30.95;104;104
139;64;46.04;64;63
371;113;30.45;113;110
9433;3178;33.69;3178;3111
131;57;43.51;57;56
161;70;43.47;70;70
1554;331;21.29;331;322
303;78;25.74;78;76
542;232;42.8;232;221
380;144;37.89;144;140
106;31;29.24;31;30
1010;309;30.59;309;305
11899;4684;39.36;4683;4572
573;200;34.9;200;190
791;357;45.13;357;351
157;78;49.68;78;77
6167;2117;34.32;2116;2076
428;149;34.81;149;147
800;329;41.12;329;326
1435;717;49.96;717;698
474;217;45.78;217;214
468;183;39.1;183;174
422;160;37.91;160;155
279;108;38.7;108;104
824;359;43.56;359;344
1308;610;46.63;610;600
292;135;46.23;135;130
846;341;40.3;341;326
454;151;33.25;151;143
187;60;32.08;60;59
328;120;36.58;120;119
259;146;56.37;146;145
107;59;55.14;59;57
210;104;49.52;104;103
179;56;31.28;56;56
108;55;50.92;55;55
97;56;57.73;56;51
1517;860;56.69;860;845
644;247;38.35;247;238
1150;434;37.73;434;420
705;221;31.34;221;215
148;67;45.27;66;63
154;62;40.25;62;59
154;85;55.19;85;84
126;49;38.88;49;49
128;68;53.12;68;65
6135;2380;38.79;2379;2293
88;50;56.81;50;50
233;102;43.77;102;91
187;81;43.31;81;80
580;170;29.31;169;165
163;63;38.65;63;61
268;146;54.47;146;146
941;405;43.03;405;384
88;43;48.86;43;40
588;244;41.49;244;236
60;27;45;27;27
154;49;31.81;49;49
470;203;43.19;203;195
92;37;40.21;37;36
144;74;51.38;74;70
70;34;48.57;34;33
70;35;50;35;30
423;189;44.68;189;179
130;69;53.07;69;68
299;116;38.79;116;114
1082;457;42.23;457;448
106;54;50.94;54;53
1505;726;48.23;726;713
237;105;44.3;105;101
218;86;39.44;86;86
1332;717;53.82;717;701
27;8;29.62;8;8
1099;582;52.95;582;564
199;117;58.79;117;114
35;19;54.28;19;18
2091;897;42.89;897;878
253;101;39.92;101;99
1883;815;43.28;815;797
411;219;53.28;219;214
756;313;41.4;313;311
1141;458;40.14;458;446
4138;2256;54.51;2256;2209
291;139;47.76;138;131
354;209;59.03;209;204
565;302;53.45;302;299
34246;15101;44.09;15099;14806
2275;1011;44.43;1011;990
448;219;48.88;219;211
146;66;45.2;66;62
970;407;41.95;407;395
8195;3506;42.78;3504;3430
371;147;39.62;147;145
120;59;49.16;59;55
174;90;51.72;90;89
294;145;49.31;145;142
137;51;37.22;51;49
120;52;43.33;52;51
92;50;54.34;50;49
281;129;45.9;129;126
534;217;40.63;217;216
955;380;39.79;380;374
746;341;45.71;341;335
119;55;46.21;55;54
890;367;41.23;367;361
1862;785;42.15;785;771
549;249;45.35;249;235
477;146;30.6;146;141
979;440;44.94;440;433
176;82;46.59;82;79
769;292;37.97;292;280
5838;2501;42.84;2501;2438
463;163;35.2;163;159
444;179;40.31;179;173
96;28;29.16;28;27
426;205;48.12;205;193
1018;470;46.16;470;455
919;363;39.49;363;348
368;133;36.14;133;133
507;218;42.99;218;212
4874;1907;39.12;1907;1853
710;226;31.83;226;218
302;135;44.7;135;133
525;213;40.57;213;211
272;146;53.67;146;145
178;70;39.32;70;67
702;284;40.45;284;268
2295;989;43.09;989;967
555;263;47.38;263;256
436;155;35.55;155;155
339;149;43.95;149;145
430;175;40.69;175;174
782;356;45.52;356;343
462;183;39.61;183;181
369;95;25.74;95;93
386;139;36.01;139;136
247;149;60.32;149;149
4197;1985;47.29;1984;1946
205;81;39.51;81;74
179;62;34.63;62;62
687;284;41.33;284;280
310;147;47.41;147;145
555;292;52.61;292;282
1277;548;42.91;548;538
171;66;38.59;66;66
1073;545;50.79;545;543
325;162;49.84;162;160
563;228;40.49;228;222
544;224;41.17;224;211
494;238;48.17;238;236
260;130;50;130;129
439;251;57.17;251;250
407;158;38.82;158;156
887;322;36.3;322;315
976;404;41.39;404;400
1114;530;47.57;530;524
14929;5804;38.87;5803;5685
276;111;40.21;111;108
258;110;42.63;110;108
25506;10204;40;10203;9929
569;263;46.22;263;252
221;98;44.34;98;94
646;294;45.51;294;290
100;50;50;50;49
314;147;46.81;147;144
91;45;49.45;45;45
179;89;49.72;89;87
329;27;8.2;27;27
283;165;58.3;165;162
207;43;20.77;43;43
573;259;45.2;259;246
395;146;36.96;146;137
780;277;35.51;277;273
338;149;44.08;149;148
200;96;48;96;92
956;425;44.45;425;415
838;330;39.37;330;322
409;195;47.67;195;184
399;207;51.87;207;201
435;128;29.42;128;127
81;37;45.67;37;37
318;189;59.43;189;186
352;158;44.88;158;153
70;43;61.42;43;43
852;405;47.53;405;387
655;320;48.85;320;310
209;83;39.71;83;82
366;134;36.61;134;126
542;173;31.91;173;172
86;23;26.74;23;22
177;83;46.89;83;83
73;32;43.83;32;32
798;306;38.34;306;300
278;127;45.68;127;119
873;321;36.76;321;308
437;228;52.17;228;221
436;138;31.65;138;136
697;223;31.99;223;209
58;36;62.06;36;36
76;34;44.73;34;33
43;15;34.88;15;15
253;122;48.22;122;120
300;134;44.66;134;130
450;185;41.11;185;182
1102;407;36.93;407;404
713;267;37.44;267;263
118;48;40.67;48;47
614;304;49.51;304;294
200;94;47;94;90
192;94;48.95;94;91
225;77;34.22;77;72
347;103;29.68;103;103
142;60;42.25;60;56
19;13;68.42;13;13
150;65;43.33;65;65
770;369;47.92;369;361
528;68;12.87;68;63
292;140;47.94;140;140
192;92;47.91;92;92
2076;887;42.72;887;862
33;24;72.72;24;23
254;99;38.97;99;97
803;338;42.09;338;324
425;187;44;187;180
571;241;42.2;241;232
494;169;34.21;169;168
189;74;39.15;74;74
256;150;58.59;150;146
450;172;38.22;172;163
436;179;41.05;179;162
256;109;42.57;109;109
119;44;36.97;44;44
481;193;40.12;193;187
303;148;48.84;148;144
229;135;58.95;135;131
293;141;48.12;141;129
158;31;19.62;31;31
98;45;45.91;45;44
315;126;40;126;124
118;68;57.62;68;68
92;61;66.3;61;61
2307;551;23.88;551;521
628;276;43.94;276;270
170;79;46.47;79;79
335;130;38.8;130;127
1012;322;31.81;322;314
488;210;43.03;210;210
124;87;70.16;87;87
122;52;42.62;52;52
106;50;47.16;50;49
435;170;39.08;170;166
556;229;41.18;229;228
438;182;41.55;182;180
397;140;35.26;140;132
328;160;48.78;160;148
26444;9372;35.44;9370;9168
463;206;44.49;206;201
351;112;31.9;112;108
233;99;42.48;99;94
961;459;47.76;459;444
1873;671;35.82;671;665
436;162;37.15;162;159
363;85;23.41;85;85
614;240;39.08;239;232
485;172;35.46;172;166
461;161;34.92;160;157
589;302;51.27;301;292
355;165;46.47;165;164
662;250;37.76;250;244
386;148;38.34;148;147
52;22;42.3;22;22
801;319;39.82;319;319
457;159;34.79;159;153
76;47;61.84;47;46
126;47;37.3;47;47
259;123;47.49;123;122
278;109;39.2;109;106
498;195;39.15;195;191
362;170;46.96;170;165
777;308;39.63;308;303
219;95;43.37;95;94
45;25;55.55;25;25
548;211;38.5;211;208
47;28;59.57;28;26
261;136;52.1;136;132
366;147;40.16;147;143
95;66;69.47;66;65
202;93;46.03;93;92
416;116;27.88;116;114
112;54;48.21;54;50
86;35;40.69;35;35
681;262;38.47;262;255
260;137;52.69;137;131
1009;430;42.61;430;422
303;128;42.24;128;127
250;100;40;100;97
74;53;71.62;53;53
292;137;46.91;137;135
169;71;42.01;71;69
402;125;31.09;125;123
65;19;29.23;19;19
444;194;43.69;194;194
469;145;30.91;145;139
300;124;41.33;124;121
81;38;46.91;38;38
260;90;34.61;90;88
289;109;37.71;109;109
306;133;43.46;133;131
404;191;47.27;191;183
252;88;34.92;88;86
378;135;35.71;135;133
4834;1543;31.91;1540;1521
339;128;37.75;128;127
222;100;45.04;100;100
30;19;63.33;19;19
139;49;35.25;49;49
451;175;38.8;175;171
106;42;39.62;42;36
144;63;43.75;63;62
140;57;40.71;57;55
108;45;41.66;45;45
98;45;45.91;45;45
46;32;69.56;32;32
310;99;31.93;99;97
159;67;42.13;67;67
144;60;41.66;60;60
99;43;43.43;43;43
2772;826;29.79;826;806
36;15;41.66;15;14
142;66;46.47;66;65
1600;525;32.81;525;516
200;58;29;58;58
247;106;42.91;106;105
55;26;47.27;26;25
55;17;30.9;17;17
446;131;29.37;131;128
393;132;33.58;132;132
72;31;43.05;31;31
449;139;30.95;139;138
244;59;24.18;59;58
74;40;54.05;40;40
230;95;41.3;95;93
155;70;45.16;70;69
26;10;38.46;10;10
476;222;46.63;222;220
459;196;42.7;196;193
48;25;52.08;25;25
85;55;64.7;55;52
90;43;47.77;43;42
125;29;23.2;29;29
15665;4967;31.7;4967;4892
1965;613;31.19;613;605
260;89;34.23;89;88
127;45;35.43;45;43
75;31;41.33;31;31
142;52;36.61;52;49
656;236;35.97;236;224
702;153;21.79;153;149
199;68;34.17;68;67
271;100;36.9;100;98
1027;367;35.73;367;363
206;89;43.2;89;87
255;94;36.86;94;91
217;130;59.9;130;128
40;26;65;26;26
688;83;12.6;83;83
80;30;37.5;30;29
1954;573;29.32;572;552
1053;184;17.47;184;171
72;35;48.61;35;35
773;107;13.84;107;106
12896;5237;40.6;5237;5030
1363;252;18.48;252;242
203;70;34.48;70;70
3674;1027;27.95;1027;927
3236;949;29.32;949;906
89;30;33.7;30;30
145;57;39.31;57;53
773;196;25.35;196;179
595;225;37.81;225;219
528;231;43.75;231;222
276;108;39.13;108;108
1292;178;13.77;178;168
1740;358;20.57;358;352
264;93;35.22;93;88
1406;451;32.07;451;432
5088;1852;36.39;1851;1769
1738;670;38.55;670;653
580;200;34.48;200;184
829;309;37.27;309;302
1158;97;8.37;97;97
1372;207;15.8;207;204
532;191;35.9;191;186
271;98;36.16;98;85
3148;966;30.68;966;936
576;214;37.15;214;211
356;151;42.41;151;146
224;112;50;112;108
1058;335;31.66;335;324
713;53;7.43;53;53
70;32;45.71;32;31
705;306;43.4;306;301
140;65;46.42;65;64
134;82;61.19;82;79
672;269;40.02;269;253
141;59;41.84;59;59
218;103;47.24;103;100
414;163;39.37;163;151
379;72;18.99;72;70
713;267;37.44;267;259
643;155;24.1;155;152
268;137;51.11;137;129
491;181;36.86;181;178
52;24;46.15;24;22
736;233;31.65;233;232
490;241;49.18;241;234
82;41;50;41;36
297;156;52.52;156;142
11193;3903;34.87;3903;3773
93;58;62.36;58;57
321;179;55.76;179;174
153;75;49.01;75;75
207;109;52.65;109;107
123;50;40.65;50;46
44;23;52.27;23;23
132;66;50;66;62
86;37;43.02;37;35
3077;1067;34.67;1067;1019
1179;409;34.69;409;390
1975;688;34.83;688;667
389;149;38.3;149;146
281;100;35.58;100;98
160;85;53.12;85;81
82;40;48.78;40;34
231;106;45.88;106;103
1750;721;41.2;717;700
1107;445;40.19;445;438
643;220;34.21;220;214
621;266;42.83;266;261
1571;636;40.48;636;606
2124;447;21.4;447;425
999;248;24.82;248;240
722;243;33.65;243;235
1771;564;31.84;564;541
796;227;28.51;227;225
499;201;40.28;201;195
461;218;47.28;218;212
1346;543;40.34;543;538
41376;17781;42.97;17779;17333
1753;730;41.64;730;713
1924;699;36.33;699;680
1748;519;29.69;519;502
6165;2815;45.66;2815;2718
438;237;54.1;237;228
3327;1691;50.82;1691;1654
1524;603;39.56;603;577
1067;355;33.27;355;348
211;130;61.61;130;128
1089;381;34.98;381;370
492;233;47.35;233;229
1400;468;33.42;468;443
825;145;17.57;145;141
4182;2573;61.52;2573;2514
1142;495;43.34;495;483
471;157;33.33;157;152
360;179;49.72;179;172
403;178;44.16;178;171
350;158;45.14;158;155
342;189;55.26;189;186
149;99;66.44;99;92
593;247;41.65;247;235
269;131;48.69;131;128
626;104;16.61;104;101
892;437;48.99;437;425
1728;642;37.15;642;619
600;272;45.33;272;253
909;449;49.39;449;433
1589;719;45.24;719;695
871;313;35.93;313;313
327;176;53.82;176;169
113;46;40.7;46;46
684;313;45.76;313;295
581;308;53.01;308;300
189;81;42.85;81;77
1176;276;23.46;276;266
585;228;38.97;228;220
780;191;24.48;191;178
358;175;48.88;175;173
613;155;25.28;155;147
999;423;42.34;423;407
1261;203;16.9;203;196
249;114;45.78;114;112
284;156;54.92;156;155
1687;799;47.36;799;757
1424;561;39.39;561;537
193;87;45.07;87;87
829;307;37.03;307;287
689;325;47.16;324;316
288;86;29.86;86;84
226;126;55.75;126;112
686;257;37.46;257;253
145;55;37.93;55;53
1481;509;34.36;509;501
255;58;22.74;58;55
791;269;34;269;268
433;170;39.26;170;169
424;182;42.92;182;175
2696;1320;48.96;1319;1263
404;152;37.62;152;148
142;63;44.36;63;61
575;87;15.13;87;87
1305;629;48.19;629;613
638;307;48.11;307;297
248;150;60.48;150;150
787;203;25.79;203;198
154;83;53.89;83;83
368;184;50;184;183
370;168;45.4;168;158
47;27;57.44;27;27
509;254;49.9;254;242
1524;578;37.92;578;561
640;280;43.75;280;274
294;154;52.38;154;150
69932;31984;45.73;31981;31114
322;125;38.81;125;120
420;192;45.71;192;189
613;225;36.7;225;222
660;176;26.66;176;166
912;377;41.33;377;367
798;380;47.61;380;361
124;69;55.64;69;68
164;72;43.9;72;71
1201;287;23.89;287;274
390;121;31.02;121;120
242;82;33.88;82;75
652;323;49.53;323;306
427;174;40.74;174;166
1891;762;40.29;762;740
158;74;46.83;74;70
612;316;51.63;316;299
907;382;42.11;381;367
189;86;45.5;86;82
315;87;27.61;87;83
1057;538;50.89;538;533
957;148;15.46;148;141
246;105;42.68;105;100
4630;2071;44.73;2071;1994
1517;622;41;622;599
1003;453;45.16;453;442
686;398;58.01;397;366
853;398;46.65;398;386
365;127;34.79;127;124
743;210;28.26;210;205
238;130;54.62;130;113
1244;591;47.5;591;581
254;118;46.45;118;114
283;130;45.93;130;125
1335;504;37.75;504;493
333;153;45.94;153;148
395;193;48.86;193;177
707;289;40.87;289;278
568;270;47.53;270;254
86;35;40.69;35;34
625;320;51.2;320;310
1135;479;42.2;479;474
108;36;33.33;36;32
393;142;36.13;142;140
286;120;41.95;120;119
330;133;40.3;133;130
747;297;39.75;297;280
3446;385;11.17;385;369
1383;528;38.17;528;515
535;237;44.29;237;227
868;320;36.86;320;308
4825;2064;42.77;2064;1996
526;227;43.15;227;220
390;191;48.97;191;182
488;200;40.98;200;192
608;198;32.56;198;193
318;80;25.15;80;80
306;113;36.92;113;111
1286;215;16.71;215;206
1906;730;38.3;730;697
723;238;32.91;238;224
115;37;32.17;37;36
1169;406;34.73;406;388
141;57;40.42;57;57
992;412;41.53;412;403
9601;3660;38.12;3660;3497
939;454;48.34;454;442
2237;950;42.46;950;911
431;160;37.12;160;156
277;130;46.93;130;126
1127;443;39.3;443;435
414;193;46.61;193;185
312;92;29.48;92;88
508;184;36.22;184;181
103;51;49.51;51;46
918;370;40.3;370;361
176;84;47.72;84;82
358;157;43.85;157;151
67;44;65.67;44;43
509;118;23.18;118;116
1111;407;36.63;407;384
166;56;33.73;56;56
416;206;49.51;206;195
780;287;36.79;287;260
1995;430;21.55;430;418
718;274;38.16;274;272
1117;426;38.13;426;419
802;212;26.43;212;207
78;42;53.84;42;40
537;200;37.24;200;198
133;57;42.85;57;56
103;38;36.89;38;37
387;127;32.81;127;116
529;176;33.27;176;172
1454;143;9.83;143;143
1005;345;34.32;345;323
364;183;50.27;183;181
56;51;91.07;51;50
463;162;34.98;162;144
497;193;38.83;193;174
2276;873;38.35;873;842
32;26;81.25;26;26
502;219;43.62;219;205
1423;524;36.82;524;502
1265;542;42.84;542;525
2422;798;32.94;797;777
190;100;52.63;100;97
86;41;47.67;41;38
12360;4694;37.97;4692;4519
52;37;71.15;37;37
157;76;48.4;76;75
274;95;34.67;95;90
322;179;55.59;179;168
901;325;36.07;325;318
289;171;59.16;171;168
364;150;41.2;150;149
734;290;39.5;290;287
219;84;38.35;84;82
1134;458;40.38;457;431
160;64;40;64;61
630;248;39.36;248;242
113;46;40.7;46;45
255;103;40.39;103;103
408;149;36.51;149;146
33;21;63.63;21;21
209;75;35.88;75;70
420;158;37.61;158;152
152;69;45.39;69;68
323;141;43.65;141;130
476;163;34.24;163;160
43;22;51.16;22;22
128;55;42.96;55;52
77;36;46.75;36;35
49;28;57.14;28;28
37;24;64.86;24;23
184;91;49.45;91;90
202;73;36.13;73;72
203;82;40.39;82;82
124;52;41.93;52;52
94;49;52.12;49;47
114;57;50;57;54
279;160;57.34;160;158
77;37;48.05;37;36
313;126;40.25;126;123
179;65;36.31;65;63
81;39;48.14;39;39
67;38;56.71;38;38
37;27;72.97;27;27
190;66;34.73;66;64
8077;3056;37.83;3056;2974
249;108;43.37;108;107
383;157;40.99;157;155
90;41;45.55;41;40
302;147;48.67;147;139
125;60;48;60;59
166;62;37.34;62;62
160;70;43.75;70;70
63;27;42.85;27;27
83;41;49.39;41;41
114;56;49.12;56;56
473;213;45.03;213;209
160;76;47.5;76;73
22;9;40.9;9;9
165;70;42.42;70;66
46;24;52.17;24;24
447;165;36.91;165;164
63;41;65.07;41;38
65;28;43.07;28;28
39;17;43.58;17;17
185;84;45.4;84;82
224;123;54.91;123;122
112;58;51.78;58;57
3175;1110;34.96;1110;1066
17;13;76.47;13;13
255;114;44.7;114;112
273;79;28.93;79;78
72;33;45.83;33;33
420;176;41.9;176;175
340;111;32.64;111;107
189;60;31.74;60;58
88;49;55.68;49;48
64;39;60.93;39;38
942;396;42.03;396;376
304;60;19.73;60;60
160;65;40.62;65;62
44;14;31.81;14;14
69;42;60.86;42;42
481;104;21.62;104;102
583;203;34.81;203;200
320;144;45;144;142
731;168;22.98;168;165
429;137;31.93;137;133
199;109;54.77;109;108
110;52;47.27;52;52
44;30;68.18;30;30
378;179;47.35;179;177
115;57;49.56;57;56
59;41;69.49;41;41
180;101;56.11;101;99
83;36;43.37;36;32
70;35;50;35;34
121;59;48.76;59;59
204;44;21.56;44;44
240;126;52.5;126;125
50;17;34;17;17
483;175;36.23;175;171
15;13;86.66;13;13
56;25;44.64;25;24
344;152;44.18;152;147
115;54;46.95;54;52
397;145;36.52;145;144
270;57;21.11;57;55
129;76;58.91;76;75
417;153;36.69;153;151
129;60;46.51;60;60
8609;3145;36.53;3145;3067
23;19;82.6;19;19
225;103;45.77;103;99
78;27;34.61;27;27
101;38;37.62;38;38
103;56;54.36;56;55
178;87;48.87;87;83
46;30;65.21;30;30
152;74;48.68;74;72
64;38;59.37;38;37
74;40;54.05;40;39
466;154;33.04;154;147
314;133;42.35;133;132
375;144;38.4;144;144
268;124;46.26;124;123
193;77;39.89;77;74
1231;338;27.45;338;332
434;155;35.71;155;152
2138;727;34;727;720
311;155;49.83;155;145
1843;540;29.3;540;520
845;179;21.18;179;176
617;283;45.86;283;279
343;141;41.1;141;136
647;294;45.44;294;289
52;26;50;26;24
1105;400;36.19;389;382
186;45;24.19;45;44
135;55;40.74;55;50
52;34;65.38;34;32
2789;837;30.1;837;821
1034;388;37.52;388;365
556;224;40.28;224;211
1255;265;21.11;265;260
360;124;34.44;124;120
178;95;53.37;95;88
369;161;43.63;161;157
257;141;54.86;141;136
915;219;23.93;219;213
440;192;43.63;192;188
391;193;49.36;193;191
377;78;20.68;78;75
391;117;29.92;117;114
360;159;44.16;159;152
428;146;34.11;146;143
217;109;50.23;109;108
260;121;46.53;121;118
496;195;39.31;195;192
252;93;36.9;93;90
1301;450;34.58;450;443
1271;466;36.66;466;455
322;165;51.24;165;162
285;122;42.8;122;120
606;207;34.15;207;202
604;228;37.74;228;223
114;52;45.61;52;50
376;149;39.62;149;142
109;56;51.37;56;55
627;198;31.57;198;192
139;40;28.77;40;39
179;84;46.92;84;81
127;47;37;47;47
225;93;41.33;93;89
510;200;39.21;200;195
61;19;31.14;19;19
1610;413;25.65;413;411
2104;677;32.17;677;647
1068;348;32.58;348;342
572;144;25.17;144;143
645;209;32.4;209;201
1827;485;26.54;485;481
96;38;39.58;38;38
804;292;36.31;292;283
89;45;50.56;45;44
57;24;42.1;24;22
1825;386;21.15;385;375
193;85;44.04;85;82
17516;6153;35.12;6153;6028
165;74;44.84;74;72
921;280;30.4;280;277
2234;453;20.27;453;450
62;33;53.22;33;33
612;169;27.61;169;167
514;177;34.43;177;173
1054;486;46.11;486;474
16098;7622;47.34;7619;7487
17645;6855;38.84;6854;6748
17068;8494;49.76;8494;8359
1754;686;39.11;685;671
567;316;55.73;316;307
4425;171;3.86;171;165
1965;1063;54.09;1063;1051
1607;854;53.14;854;845
940;421;44.78;421;402
18888;8124;43.01;8124;7971
4437;1422;32.04;1420;1397
31949;14110;44.16;14107;13854
21675;8653;39.92;8653;8497
2208;1008;45.65;1008;990
2988;1506;50.4;1506;1484
18369;8447;45.98;8447;8275
4081;1662;40.72;1662;1639
19480;7958;40.85;7958;7796
585;275;47;275;272
1949;1049;53.82;1048;1031
367;123;33.51;123;123
486;267;54.93;267;265
342;176;51.46;176;175
571;265;46.4;265;261
1121;398;35.5;398;388
462;129;27.92;129;126
194;82;42.26;82;81
903;380;42.08;380;377
517;121;23.4;121;117
979;542;55.36;542;531
708;301;42.51;301;296
70;36;51.42;36;34
948;209;22.4;209;202
711;200;28.12;200;189
490;136;27.75;136;135
4343;1431;32.94;1431;1408
1680;638;37.97;638;624
323;124;38.39;124;120
328;100;30.48;100;98
1624;319;19.64;319;312
2063;669;32.42;669;655
464;236;50.86;236;230
1291;305;23.62;305;296
411;148;36;148;148
1428;542;37.95;542;536
535;234;43.73;234;230
174;66;37.93;66;66
233;102;43.77;102;101
1188;520;43.77;519;504
263;143;54.37;143;139
248;124;50;124;122
163;65;39.87;65;64
306;161;52.61;161;156
422;186;44.07;186;185
91;35;38.46;35;35
456;160;35.08;160;156
506;156;30.83;156;155
2292;463;20.2;463;454
586;278;47.44;278;274
2098;176;8.38;176;172
101;54;53.46;54;51
875;296;33.82;296;288
975;387;39.69;387;382
331;98;29.6;98;94
1020;489;47.94;489;476
820;357;43.53;357;349
817;285;34.88;285;281
988;366;37.04;366;361
246;111;45.12;111;106
907;261;28.77;261;253
1234;603;48.86;603;578
1264;711;56.25;711;696
225;118;52.44;118;115
3006;843;28.4;843;829
312;73;23.39;73;72
1159;382;32.95;382;379
7911;2209;27.92;2208;2167
67;41;61.19;41;41
491;211;42.97;211;209
488;190;38.93;190;188
1141;414;36.28;414;406
225;98;43.55;98;96
675;337;49.92;337;330
312;74;23.71;74;74
361;192;53.18;192;190
592;218;36.82;218;210
177;96;54.23;96;94
367;182;49.59;182;174
521;183;35.12;183;179
102;61;59.8;61;61
150;60;40;60;52
505;271;53.66;271;265
325;66;20.3;66;63
1250;480;38.4;480;473
748;384;51.33;384;376
2248;917;40.79;917;907
300;110;36.66;110;109
544;123;22.61;123;123
277;68;24.54;68;65
1987;923;46.45;923;909
522;184;35.24;184;178
1228;525;42.75;525;506
1496;596;39.83;596;587
1697;539;31.76;539;530
883;318;36.01;318;307
172;69;40.11;69;63
1167;339;29.4;339;329
198;95;47.97;95;91
417;181;43.4;181;179
931;420;45.11;420;418
953;276;28.96;276;268
763;275;36.04;275;264
718;292;40.66;292;284
607;245;40.36;243;237
160;102;63.75;102;102
246;123;50;123;120
1202;418;34.77;417;408
2774;688;24.8;688;670
265;100;37.73;100;96
716;303;42.31;303;298
3414;1179;34.53;1179;1153
2352;385;16.36;385;375
257;88;34.24;88;86
744;81;10.88;81;78
391;144;36.82;144;140
265;133;50.18;133;130
790;319;40.37;319;315
246;116;47.15;116;116
379;174;45.91;174;172
442;184;41.62;184;179
123;39;31.7;39;38
313;168;53.67;168;164
337;78;23.14;78;77
1090;376;34.49;376;360
371;139;37.46;139;138
586;184;31.39;184;180
304;86;28.28;86;84
739;253;34.23;253;247
167;31;18.56;31;28
1186;408;34.4;408;404
308;121;39.28;121;120
696;144;20.68;144;143
286;115;40.2;115;112
978;72;7.36;72;71
546;236;43.22;236;230
496;135;27.21;135;132
616;250;40.58;250;246
388;144;37.11;144;140
184;76;41.3;76;74
642;230;35.82;230;226
526;136;25.85;136;134
83;31;37.34;31;30
246;98;39.83;98;97
656;243;37.04;243;237
324;77;23.76;77;77
350;162;46.28;162;160
670;78;11.64;78;75
344;149;43.31;149;147
521;246;47.21;246;245
676;122;18.4;122;117
288;105;36.45;105;101
954;376;39.41;376;375
433;97;22.4;97;96
339;149;43.95;149;149
663;199;30.1;199;194
441;122;27.66;122;118
1014;173;17.6;173;168
200;89;44.5;89;88
645;103;15.96;103;102
504;95;18.84;95;93
30474;11351;37.24;11350;11129
830;259;31.2;259;253
1377;443;32.17;443;439
565;134;23.71;134;130
417;156;37.41;156;156
710;167;23.52;167;163
3267;463;14.17;463;452
166;65;39.15;65;62
772;278;36.01;278;278
507;222;43.78;222;219
1051;403;38.34;403;396
394;117;29.69;117;115
309;167;54.04;167;161
859;249;28.98;249;245
456;73;16;73;73
604;155;25.66;155;153
473;124;26.21;124;122
574;159;27.7;159;157
628;193;30.73;193;190
3564;1121;31.45;1121;1093
543;117;21.54;117;117
136;40;29.41;40;38
354;161;45.48;161;157
432;107;24.76;107;106
1349;312;23.12;312;311
465;210;45.16;210;207
555;223;40.18;223;214
454;207;45.59;207;200
7356;1471;19.99;1470;1446
269;70;26.2;70;68
455;69;15.16;69;68
1554;639;41.11;639;630
638;109;17.8;109;106
212;92;43.39;92;89
671;171;25.48;171;169
667;161;24.13;161;156
958;453;47.28;453;439
354;130;36.72;130;129
429;166;38.69;166;161
774;265;34.23;265;262
272;64;23.52;64;64
730;166;22.73;166;166
213;106;49.76;106;104
171;73;42.69;73;72
779;241;30.93;241;236
138;70;50.72;70;69
484;97;20.4;97;97
190;71;37.36;71;71
281;88;31.31;88;85
262;93;35.49;93;92
300;144;48;144;141
295;99;33.55;99;92
136;63;46.32;63;61
439;179;40.77;179;175
176;63;35.79;63;62
235;88;37.44;88;86
363;111;30.57;111;107
139;49;35.25;49;48
274;109;39.78;109;109
346;116;33.52;116;115
329;114;34.65;114;113
215;70;32.55;70;68
752;267;35.5;267;265
343;98;28.57;98;96
278;106;38.12;106;103
191;78;40.83;78;75
259;101;38.99;101;99
162;80;49.38;80;78
162;74;45.67;74;73
310;94;30.32;94;93
176;88;50;88;87
333;127;38.13;127;125
242;115;47.52;115;112
476;185;38.86;185;180
97;34;35.05;34;33
207;92;44.44;92;89
259;93;35.9;93;92
147;70;47.61;70;66
4541;1590;35.01;1589;1559
87;48;55.17;48;47
171;55;32.16;55;52
435;142;32.64;142;140
542;130;23.98;130;125
403;196;48.63;196;194
192;67;34.89;67;67
311;99;31.83;99;96
189;76;40.21;76;75
325;122;37.53;122;118
540;186;34.44;186;185
135;60;44.44;60;59
795;344;43.27;344;341
249;69;27.71;69;67
345;79;22.89;79;79
60;30;50;30;29
310;81;26.12;81;81
1021;224;21.93;224;221
493;158;32.04;158;156
371;67;18.5;67;67
519;155;29.86;155;152
237;142;59.91;142;141
460;104;22.6;104;102
3617;807;22.31;807;792
532;193;36.27;193;191
1043;168;16.1;168;165
514;173;33.65;173;167
1574;479;30.43;479;469
188;67;35.63;67;65
294;132;44.89;132;129
53;26;49.05;26;25
317;76;23.97;76;73
304;142;46.71;142;138
911;205;22.5;205;200
281;75;26.69;75;74
651;251;38.55;251;247
559;137;24.5;137;134
296;88;29.72;88;87
307;104;33.87;104;99
190;72;37.89;72;71
69;35;50.72;35;35
597;250;41.87;250;242
1992;488;24.49;488;475
406;110;27.9;110;107
548;83;15.14;83;82
437;195;44.62;195;187
169;54;31.95;54;54
119;49;41.17;49;46
171;50;29.23;50;49
934;251;26.87;251;250
433;117;27.2;117;116
479;181;37.78;181;181
247;47;19.2;47;45
80;37;46.25;37;34
1830;487;26.61;487;475
522;221;42.33;221;218
541;172;31.79;172;168
244;70;28.68;70;68
402;121;30.9;121;119
159;53;33.33;53;52
14703;4970;33.8;4970;4870
503;203;40.35;203;200
611;201;32.89;201;199
426;78;18.3;78;77
134;54;40.29;54;52
170;74;43.52;74;73
380;103;27.1;103;101
81;19;23.45;19;18
1370;369;26.93;369;365
106;62;58.49;62;60
1213;413;34.04;413;405
694;298;42.93;298;293
390;157;40.25;157;156
4944;1695;34.28;1695;1653
1151;337;29.27;337;323
99;45;45.45;45;45
263;115;43.72;115;110
1538;609;39.59;609;589
1272;526;41.35;526;519
590;242;41.01;242;235
1606;748;46.57;748;735
1272;271;21.3;271;253
2153;326;15.14;326;313
2644;818;30.93;818;808
1537;209;13.59;209;205
380;155;40.78;155;153
861;304;35.3;304;297
175;89;50.85;89;87
1554;199;12.8;199;191
115;50;43.47;50;50
768;332;43.22;332;322
408;124;30.39;124;115
547;177;32.35;177;172
501;97;19.36;97;91
522;131;25.9;131;126
2098;274;13.6;274;273
452;258;57.07;258;243
1470;626;42.58;626;611
183;76;41.53;76;72
466;171;36.69;171;167
369;141;38.21;141;138
1788;410;22.93;410;400
617;133;21.55;133;129
788;332;42.13;332;325
913;423;46.33;423;405
304;94;30.92;94;94
458;140;30.56;140;140
6407;2029;31.66;2029;1988
1484;418;28.16;418;397
266;140;52.63;140;134
2756;460;16.69;460;436
422;204;48.34;204;195
456;200;43.85;200;196
783;382;48.78;382;355
827;338;40.87;338;323
156;59;37.82;59;58
771;302;39.16;302;301
2653;527;19.86;527;512
268;127;47.38;127;123
1415;442;31.23;442;435
6855;2419;35.28;2418;2331
28789;12178;42.3;12178;11890
1491;440;29.51;440;415
2719;1096;40.3;1096;1059
1010;343;33.96;343;331
889;326;36.67;326;319
413;109;26.39;109;109
345;159;46.08;159;156
1214;103;8.48;103;99
479;64;13.36;64;58
498;195;39.15;195;188
241;55;22.82;55;51
1124;196;17.43;196;191
590;106;17.96;106;105
961;363;37.77;363;356
925;103;11.13;103;101
474;121;25.52;121;121
513;185;36.06;185;178
130;79;60.76;79;79
979;339;34.62;339;328
419;160;38.18;160;155
608;197;32.4;197;194
170;46;27.5;46;45
399;105;26.31;105;100
2902;500;17.22;500;486
513;208;40.54;208;206
397;64;16.12;64;64
522;235;45.01;235;227
341;131;38.41;131;127
1299;379;29.17;379;372
649;135;20.8;135;131
366;130;35.51;130;124
230;92;40;92;91
691;210;30.39;210;207
167;29;17.36;29;28
174;87;50;87;87
6085;1081;17.76;1081;1063
245;80;32.65;80;79
1312;420;32.01;420;410
323;148;45.82;148;148
268;67;25;67;65
797;164;20.57;164;163
1454;280;19.25;280;277
274;111;40.51;111;111
319;113;35.42;113;109
439;186;42.36;186;181
916;129;14.8;129;123
924;133;14.39;133;131
398;79;19.84;79;79
1385;435;31.4;435;433
1049;257;24.49;257;252
814;259;31.81;259;250
534;262;49.06;262;256
1506;471;31.27;471;464
610;210;34.42;210;205
405;60;14.81;60;59
826;165;19.97;165;164
439;121;27.56;121;120
6328;1952;30.84;1952;1886
472;127;26.9;127;127
627;258;41.14;258;254
842;247;29.33;247;243
193;64;33.16;64;63
1225;305;24.89;305;299
309;113;36.56;113;107
126;59;46.82;59;57
488;82;16.8;82;80
1973;404;20.47;404;402
483;131;27.12;131;128
668;145;21.7;145;144
178;48;26.96;48;48
17839;5727;32.1;5727;5599
150;77;51.33;77;76
683;243;35.57;243;234
378;151;39.94;151;147
588;181;30.78;181;177
1212;168;13.86;168;163
847;137;16.17;137;135
625;81;12.96;81;80
387;110;28.42;110;110
188;63;33.51;63;60
1618;450;27.81;450;435
377;38;10.7;38;38
621;106;17.6;106;106
259;93;35.9;93;91
281;53;18.86;53;53
728;281;38.59;281;275
1210;418;34.54;418;413
979;307;31.35;307;301
540;171;31.66;171;171
390;88;22.56;88;85